subjid,freq,amp,lower_CI,upper_CI
deadFish,55,130,-0.0861089715069194,0.07512985394111471
