subjid,freq,amp,lower_CI,upper_CI
deadFish,220,130,-0.12612462892495727,0.02073145984060534
