subjid,freq,amp,lower_CI,upper_CI
hydrolagusColliei_5,200,145,0.8423903506516535,1.266600231406385
