subjid,freq,amp,lower_CI,upper_CI
hydrolagusColliei_5,100,120,0.5262423466536821,1.2033194372996665
