subjid,freq,amp,lower_CI,upper_CI
hydrolagusColliei_5,330,140,-0.0678454850334412,0.04080527550069519
