subjid,freq,amp,lower_CI,upper_CI
hydrolagusColliei_5,200,125,-0.15753320175543603,0.047854467182804034
