subjid,freq,amp,lower_CI,upper_CI
hydrolagusColliei_5,200,120,-0.07076929876130374,0.15740598466972613
