subjid,freq,amp,lower_CI,upper_CI
hydrolagusColliei_5,300,130,-0.0363216324367808,0.1003345825686992
