subjid,freq,amp,lower_CI,upper_CI
hydrolagusColliei_5,100,110,0.06943695755861372,0.45513919472834785
