subjid,freq,amp,lower_CI,upper_CI
hydrolagusColliei_5,200,135,-0.03969267939722332,0.4827347933226008
