subjid,freq,amp,lower_CI,upper_CI
hydrolagusColliei_5,200,130,0.04663315018509475,0.2984573409578989
