subjid,freq,amp,lower_CI,upper_CI
hydrolagusColliei_5,200,140,0.4564446931538305,0.9537256987495787
