subjid,freq,amp,lower_CI,upper_CI
hydrolagusColliei_5,55,120,1.43677198986414,2.0411175136347977
