subjid,freq,amp,lower_CI,upper_CI
hydrolagusColliei_5,55,115,0.8751151726759409,1.4900788165714762
