subjid,freq,amp,lower_CI,upper_CI
deadFish,330,125,-0.031146007199237324,0.13132250014968436
