subjid,freq,amp,lower_CI,upper_CI
hydrolagusColliei_4,330,125,-0.16675072054709789,0.06959527004698314
