subjid,freq,amp,lower_CI,upper_CI
hydrolagusColliei_4,100,105,-0.1383459644226764,0.07292245278449339
