subjid,freq,amp,lower_CI,upper_CI
hydrolagusColliei_4,55,115,-0.1293104013656214,0.35701116597875926
