subjid,freq,amp,lower_CI,upper_CI
hydrolagusColliei_4,55,120,-0.14041654259175734,0.4423232724628996
