subjid,freq,amp,lower_CI,upper_CI
hydrolagusColliei_4,330,140,-0.11685662911048555,0.2377528138146209
