subjid,freq,amp,lower_CI,upper_CI
hydrolagusColliei_4,330,135,-0.10130626867058591,0.20778542528173086
