subjid,freq,amp,lower_CI,upper_CI
hydrolagusColliei_4,55,115,-0.189216084846501,0.09074297406120772
