subjid,freq,amp,lower_CI,upper_CI
hydrolagusColliei_4,200,130,0.13100660787354962,1.1357252984627173
