subjid,freq,amp,lower_CI,upper_CI
hydrolagusColliei_4,100,130,2.401645715149853,3.645072792876484
