subjid,freq,amp,lower_CI,upper_CI
hydrolagusColliei_4,330,120,-0.1172697012766792,0.12759518225883218
