subjid,freq,amp,lower_CI,upper_CI
hydrolagusColliei_4,360,135,0.016267062444933672,0.22256565213801524
