subjid,freq,amp,lower_CI,upper_CI
hydrolagusColliei_4,55,120,-0.06863401344935147,0.4655917112978424
