subjid,freq,amp,lower_CI,upper_CI
hydrolagusColliei_4,100,125,1.0049205929254352,2.090262086039842
