subjid,freq,amp,lower_CI,upper_CI
hydrolagusColliei_4,55,125,-0.3636078146499536,0.6323788356009145
