subjid,freq,amp,lower_CI,upper_CI
hydrolagusColliei_4,100,135,3.1285690540691404,3.740661859286984
