subjid,freq,amp,lower_CI,upper_CI
hydrolagusColliei_4,200,120,-0.14621236123830933,0.18325878587338038
