subjid,freq,amp,lower_CI,upper_CI
hydrolagusColliei_4,330,105,-0.06340315060020803,0.21056764544082415
