subjid,freq,amp,lower_CI,upper_CI
hydrolagusColliei_4,55,130,0.5429254656789841,1.8095495197006097
