subjid,freq,amp,lower_CI,upper_CI
hydrolagusColliei_4,330,110,0.04851937980783363,0.35794981413233934
