subjid,freq,amp,lower_CI,upper_CI
hydrolagusColliei_4,330,130,-0.28887594035667014,0.12074778169872312
