subjid,freq,amp,lower_CI,upper_CI
hydrolagusColliei_4,100,140,3.9100659692097173,4.6024144117282315
