subjid,freq,amp,lower_CI,upper_CI
hydrolagusColliei_4,330,115,-0.1054705498459565,0.06866102864722755
