subjid,freq,amp,lower_CI,upper_CI
hydrolagusColliei_6,330,100,-0.03912966525262011,0.10900226977806748
