subjid,freq,amp,lower_CI,upper_CI
hydrolagusColliei_6,55,105,-0.0923869448170367,0.07774934797734946
