subjid,freq,amp,lower_CI,upper_CI
hydrolagusColliei_6,440,140,-0.24716837751270712,0.14725314606598555
