subjid,freq,amp,channel,weight
hydrolagusColliei_8,70,95,ch1,0.34630385047204915
hydrolagusColliei_8,70,95,ch2,0.1874031919825854
hydrolagusColliei_8,70,95,ch3,0.27783993145445846
hydrolagusColliei_8,70,95,ch4,0.18845302609090686
