subjid,freq,amp,channel,weight
hydrolagusColliei_8,55,105,ch1,0.22678321703154647
hydrolagusColliei_8,55,105,ch2,0.27792011599703553
hydrolagusColliei_8,55,105,ch3,0.2571969399461518
hydrolagusColliei_8,55,105,ch4,0.23809972702526622
