subjid,freq,amp,lower_CI,upper_CI
hydrolagusColliei_9,55,115,-0.12897070901387875,0.09460591358866413
