subjid,freq,amp,lower_CI,upper_CI
hydrolagusColliei_9,55,125,0.7507766422196918,1.3381062838407216
