subjid,freq,amp,lower_CI,upper_CI
hydrolagusColliei_9,100,120,1.30203476432461,1.6303079663972349
