subjid,freq,amp,lower_CI,upper_CI
hydrolagusColliei_9,100,105,-0.030850676674343692,0.17719008371040482
