subjid,freq,amp,lower_CI,upper_CI
hydrolagusColliei_9,360,140,-0.3255957812851112,0.18037873643340516
