subjid,freq,amp,lower_CI,upper_CI
hydrolagusColliei_9,100,115,0.40957864254768067,0.9144345790952806
