subjid,freq,amp,lower_CI,upper_CI
hydrolagusColliei_9,220,130,-0.9327225129745849,-0.15406834648201245
