subjid,freq,amp,lower_CI,upper_CI
hydrolagusColliei_8,100,100,0.21234435664284199,0.4553032420930439
