subjid,freq,amp,lower_CI,upper_CI
hydrolagusColliei_8,70,95,0.09488161126238376,0.49038128861643865
