subjid,freq,amp,lower_CI,upper_CI
hydrolagusColliei_8,100,115,0.6562060178512902,1.124118608825936
