subjid,freq,amp,lower_CI,upper_CI
hydrolagusColliei_8,70,105,0.9928926247818188,1.4160429347978412
