subjid,freq,amp,lower_CI,upper_CI
hydrolagusColliei_8,55,100,-0.18766243531959675,0.1686175116920313
