subjid,freq,amp,lower_CI,upper_CI
hydrolagusColliei_8,70,115,1.9109477426836279,2.2082132147435383
