subjid,freq,amp,lower_CI,upper_CI
hydrolagusColliei_8,70,110,1.1288418812153127,1.574348758231785
