subjid,freq,amp,lower_CI,upper_CI
hydrolagusColliei_8,100,110,1.4441858210487917,1.6968822828537264
