subjid,freq,amp,lower_CI,upper_CI
hydrolagusColliei_8,220,125,-0.045242277957582296,0.3554834890860625
