subjid,freq,amp,lower_CI,upper_CI
hydrolagusColliei_8,100,110,0.7944981531312016,1.3552105721383223
