subjid,freq,amp,lower_CI,upper_CI
hydrolagusColliei_8,70,100,0.6385676133126448,1.1565935864745973
