subjid,freq,amp,lower_CI,upper_CI
hydrolagusColliei_8,220,115,-0.3086767605877435,0.15790968324404225
