subjid,freq,amp,lower_CI,upper_CI
hydrolagusColliei_8,220,90,-0.14566161099400537,0.011326128740004628
