subjid,freq,amp,lower_CI,upper_CI
hydrolagusColliei_8,55,95,-0.13259399789847948,0.09687631666798087
