subjid,freq,amp,lower_CI,upper_CI
hydrolagusColliei_8,55,100,-0.0016282870636032199,0.19754659369320543
