subjid,freq,amp,lower_CI,upper_CI
hydrolagusColliei_8,220,95,0.004119602591461689,0.26915776375418143
