subjid,freq,amp,lower_CI,upper_CI
hydrolagusColliei_8,100,115,1.5795804709141537,2.3018697610736676
