subjid,freq,amp,lower_CI,upper_CI
hydrolagusColliei_8,100,100,0.17910124263033544,0.30649465211953264
