subjid,freq,amp,lower_CI,upper_CI
hydrolagusColliei_8,55,105,0.05411433331279796,0.5164863532034033
