subjid,freq,amp,lower_CI,upper_CI
hydrolagusColliei_8,880,140,-0.05297100324707239,0.10278590016368414
