subjid,freq,amp,lower_CI,upper_CI
hydrolagusColliei_8,70,85,-0.016078315125523292,0.1315819739429686
