subjid,freq,amp,lower_CI,upper_CI
hydrolagusColliei_8,100,105,0.09129857878447467,0.6266934681463312
