subjid,freq,amp,lower_CI,upper_CI
hydrolagusColliei_8,55,110,-0.2599333422892067,0.24654620105748387
