subjid,freq,amp,lower_CI,upper_CI
hydrolagusColliei_8,220,100,-0.2399336902761636,0.10178813280646634
