subjid,freq,amp,lower_CI,upper_CI
hydrolagusColliei_8,220,120,-0.05796786526928995,0.28951321805946906
