subjid,freq,amp,lower_CI,upper_CI
hydrolagusColliei_8,55,115,1.485907048975375,2.0151284801649165
