subjid,freq,amp,lower_CI,upper_CI
hydrolagusColliei_8,55,105,-0.08999701005001286,0.2990306581088073
