subjid,freq,amp,lower_CI,upper_CI
hydrolagusColliei_8,55,110,0.842471297626483,1.3251504678641117
