subjid,freq,amp,lower_CI,upper_CI
hydrolagusColliei_8,100,105,0.9337203017259113,1.167732000490065
