subjid,freq,amp,lower_CI,upper_CI
hydrolagusColliei_8,220,110,-0.3133315041052494,0.07866397609941599
