subjid,freq,amp,lower_CI,upper_CI
hydrolagusColliei_6,100,115,-0.055314889140814776,0.32372909482015166
