subjid,freq,amp,lower_CI,upper_CI
hydrolagusColliei_6,330,105,-0.04241323974583213,0.11605606818400369
