subjid,freq,amp,lower_CI,upper_CI
hydrolagusColliei_6,100,110,-0.22996434685511621,0.12536558504523979
