subjid,freq,amp,lower_CI,upper_CI
hydrolagusColliei_6,330,125,-0.14569718999702563,0.09302728181812643
