subjid,freq,amp,lower_CI,upper_CI
hydrolagusColliei_6,880,140,-0.190880601807191,0.005713817853342528
