subjid,freq,amp,lower_CI,upper_CI
hydrolagusColliei_6,55,105,-0.05875458871052047,0.11147869319251726
