subjid,freq,amp,lower_CI,upper_CI
hydrolagusColliei_6,440,140,-0.016094511101560124,0.16051528432736478
