subjid,freq,amp,lower_CI,upper_CI
hydrolagusColliei_6,55,115,0.26070374159031817,0.7227256413478533
