subjid,freq,amp,lower_CI,upper_CI
hydrolagusColliei_6,330,110,-0.08298614922180066,0.039295455603404
