subjid,freq,amp,lower_CI,upper_CI
hydrolagusColliei_6,330,130,-0.3405896226355185,0.02658747492944007
