subjid,freq,amp,lower_CI,upper_CI
hydrolagusColliei_6,100,95,-0.09648329874513277,0.06717463900846586
