subjid,freq,amp,lower_CI,upper_CI
hydrolagusColliei_7,55,135,1.3170916135350095,2.7055558603743495
