subjid,freq,amp,lower_CI,upper_CI
hydrolagusColliei_7,330,125,-0.20816284306826177,-0.0025882074736231888
