subjid,freq,amp,lower_CI,upper_CI
hydrolagusColliei_7,440,130,-0.22627390488779148,0.07763081710285476
