subjid,freq,amp,lower_CI,upper_CI
hydrolagusColliei_7,440,135,-0.2208034970412509,0.1742650798933037
