subjid,freq,amp,lower_CI,upper_CI
hydrolagusColliei_7,440,125,-0.02549636640444037,0.1920803120906429
