subjid,freq,amp,lower_CI,upper_CI
hydrolagusColliei_7,330,130,-0.15799822552140608,0.11422874643429848
