subjid,freq,amp,lower_CI,upper_CI
hydrolagusColliei_7,440,140,-0.08404135555422783,0.26340112934052035
