subjid,freq,amp,lower_CI,upper_CI
hydrolagusColliei_7,330,115,-0.0024629082019592572,0.12083512919499502
