subjid,freq,amp,lower_CI,upper_CI
hydrolagusColliei_8,55,115,0.1457902385542427,0.4851318435018577
