subjid,freq,amp,lower_CI,upper_CI
hydrolagusColliei_8,55,90,-0.1046384254844042,0.025265300127846568
