subjid,freq,amp,lower_CI,upper_CI
hydrolagusColliei_8,55,95,-0.12134266438073568,0.02923652764025956
