subjid,freq,amp,lower_CI,upper_CI
hydrolagusColliei_8,100,95,-0.011933125382139666,0.13284732197936425
