subjid,freq,amp,lower_CI,upper_CI
hydrolagusColliei_5,300,150,0.13453126277016034,0.518444707674647
