subjid,freq,amp,lower_CI,upper_CI
hydrolagusColliei_5,360,140,-0.1416414573351987,0.09085606293196495
