subjid,freq,amp,lower_CI,upper_CI
hydrolagusColliei_5,200,125,-0.0962575431692968,0.06037428864205467
