subjid,freq,amp,lower_CI,upper_CI
hydrolagusColliei_5,300,135,-0.11762742054501894,0.18994008062713869
