subjid,freq,amp,lower_CI,upper_CI
hydrolagusColliei_5,200,140,0.35227579853799673,0.9079902715059455
