subjid,freq,amp,lower_CI,upper_CI
hydrolagusColliei_5,200,150,1.9132947631922355,2.445299751739208
