subjid,freq,amp,lower_CI,upper_CI
hydrolagusColliei_5,55,105,-0.00508705263849541,0.19920619731386702
