subjid,freq,amp,lower_CI,upper_CI
hydrolagusColliei_5,360,135,-0.04398765170102415,0.26205096903808617
