subjid,freq,amp,lower_CI,upper_CI
hydrolagusColliei_5,55,110,0.03263357230070598,0.46944533582463477
