subjid,freq,amp,lower_CI,upper_CI
hydrolagusColliei_5,200,135,-0.0274435007640671,0.3818000506187412
