subjid,freq,amp,lower_CI,upper_CI
hydrolagusColliei_5,200,130,-0.3937556615766251,0.14914348059147675
