subjid,freq,amp,lower_CI,upper_CI
hydrolagusColliei_5,300,140,-0.08350200500740677,0.2284975194787798
