subjid,freq,amp,lower_CI,upper_CI
hydrolagusColliei_5,300,145,-0.23735027082653873,0.13332487926694409
