subjid,freq,amp,lower_CI,upper_CI
hydrolagusColliei_5,100,105,-0.11907415889445898,0.06062690090072819
