subjid,freq,amp,lower_CI,upper_CI
hydrolagusColliei_5,100,125,1.1579804851926565,1.8034496019244846
