subjid,freq,amp,lower_CI,upper_CI
hydrolagusColliei_5,300,135,-0.10464551513111264,0.24224184615759756
