subjid,freq,amp,lower_CI,upper_CI
hydrolagusColliei_5,200,115,-0.25192700755566055,0.001291778290080343
