subjid,freq,amp,lower_CI,upper_CI
hydrolagusColliei_5,360,140,-0.08311842464196281,0.08504307147827486
