subjid,freq,amp,lower_CI,upper_CI
hydrolagusColliei_4,100,110,-0.20087311761942114,0.23779980614256618
