subjid,freq,amp,lower_CI,upper_CI
hydrolagusColliei_4,200,115,-0.09779463139036777,0.1401721194250136
