subjid,freq,amp,lower_CI,upper_CI
hydrolagusColliei_4,55,110,-0.12522611355919863,0.07891003216047543
