subjid,freq,amp,lower_CI,upper_CI
hydrolagusColliei_4,100,120,0.17711145175024734,1.0209282564219615
