subjid,freq,amp,lower_CI,upper_CI
hydrolagusColliei_4,360,130,-0.2403851641390236,0.13687870282297895
