subjid,freq,amp,lower_CI,upper_CI
hydrolagusColliei_4,55,115,-0.027054047132712623,0.18434736986923145
