subjid,freq,amp,lower_CI,upper_CI
hydrolagusColliei_6,55,110,0.04276073761174385,0.3028485135660511
