subjid,freq,amp,lower_CI,upper_CI
hydrolagusColliei_6,100,100,0.004384662320117952,0.22585404776122217
