subjid,freq,amp,lower_CI,upper_CI
hydrolagusColliei_6,360,140,-0.28659607383945895,0.021913212612889477
