subjid,freq,amp,lower_CI,upper_CI
hydrolagusColliei_6,100,105,-0.17237590825446558,0.10756533570171921
