subjid,freq,amp,lower_CI,upper_CI
hydrolagusColliei_9,385,135,-0.1613885327080791,0.04184012259156111
