subjid,freq,amp,lower_CI,upper_CI
hydrolagusColliei_9,440,120,-0.09006709513517454,0.13973402541667196
