subjid,freq,amp,lower_CI,upper_CI
hydrolagusColliei_9,330,85,-0.16786299171464253,0.254767156852455
