subjid,freq,amp,lower_CI,upper_CI
hydrolagusColliei_9,330,110,-0.05535131833365402,0.15595792770111702
