subjid,freq,amp,lower_CI,upper_CI
hydrolagusColliei_9,330,105,-0.05879444805573947,0.08094738078169038
