subjid,freq,amp,lower_CI,upper_CI
hydrolagusColliei_9,55,110,-0.07449311742195801,0.11209112546904007
