subjid,freq,amp,lower_CI,upper_CI
hydrolagusColliei_9,55,120,0.2560454686568395,0.6486673806368313
