subjid,freq,amp,lower_CI,upper_CI
hydrolagusColliei_9,100,110,0.1500066326429588,0.5112521368983411
