subjid,freq,amp,lower_CI,upper_CI
hydrolagusColliei_9,440,125,-0.04403797360127988,0.2143509228528367
