subjid,freq,amp,lower_CI,upper_CI
hydrolagusColliei_9,100,125,2.851245909323802,3.1177611275762454
