subjid,freq,amp,lower_CI,upper_CI
hydrolagusColliei_4,330,140,-0.010756285742756798,0.19098972330543665
