subjid,freq,amp,lower_CI,upper_CI
hydrolagusColliei_4,100,115,0.16977438569890316,0.8463918873609398
