subjid,freq,amp,lower_CI,upper_CI
hydrolagusColliei_4,200,140,2.698850073075713,3.7660712840307813
