subjid,freq,amp,lower_CI,upper_CI
hydrolagusColliei_4,200,135,2.0651971884743485,3.1468712308459925
