subjid,freq,amp,lower_CI,upper_CI
hydrolagusColliei_7,100,105,-0.05748694388658929,0.13299854379136758
