subjid,freq,amp,lower_CI,upper_CI
hydrolagusColliei_7,55,125,-0.15635870970642898,0.22251563118498932
