subjid,freq,amp,lower_CI,upper_CI
hydrolagusColliei_7,100,120,0.08086095648254737,0.4118838047510766
