subjid,freq,amp,lower_CI,upper_CI
hydrolagusColliei_7,55,130,0.21058515771069453,0.656859878048889
