subjid,freq,amp,lower_CI,upper_CI
hydrolagusColliei_7,440,95,-0.02195738657588384,0.20616489674468638
