subjid,freq,amp,lower_CI,upper_CI
hydrolagusColliei_7,55,120,-0.06363559894353703,0.11879266738824829
