subjid,freq,amp,lower_CI,upper_CI
hydrolagusColliei_7,330,120,-0.5009269339715282,-0.009631980006932644
