subjid,freq,amp,lower_CI,upper_CI
hydrolagusColliei_7,440,115,-0.3009592302618235,0.033681786771804875
