subjid,freq,amp,lower_CI,upper_CI
hydrolagusColliei_7,55,140,3.6939082372758003,4.859779696276346
