subjid,freq,amp,lower_CI,upper_CI
hydrolagusColliei_7,440,105,-0.11189758100759525,0.1343329695296772
