subjid,freq,amp,lower_CI,upper_CI
hydrolagusColliei_7,440,100,-0.1907567890514031,0.030854386185788493
