subjid,freq,amp,lower_CI,upper_CI
hydrolagusColliei_7,100,110,-0.12417149561781742,0.17699388422099752
