subjid,freq,amp,lower_CI,upper_CI
hydrolagusColliei_7,440,90,-0.1227850768419991,0.14733317293500536
