subjid,freq,amp,lower_CI,upper_CI
hydrolagusColliei_7,440,120,-0.008900063682073297,0.2348562487390428
