subjid,freq,amp,lower_CI,upper_CI
hydrolagusColliei_7,100,125,-0.15473586958516325,0.7310800531501406
