subjid,freq,amp,lower_CI,upper_CI
hydrolagusColliei_7,440,110,-0.11174545657356717,0.10158670541189835
