subjid,freq,amp,lower_CI,upper_CI
hydrolagusColliei_9,50,145,7.408169439898471,7.744027336435748
