subjid,freq,amp,lower_CI,upper_CI
hydrolagusColliei_9,330,135,0.02227602724420802,0.17410765788635615
