subjid,freq,amp,lower_CI,upper_CI
hydrolagusColliei_9,330,95,-0.0900056326602702,0.07116512052459267
