subjid,freq,amp,lower_CI,upper_CI
hydrolagusColliei_9,330,120,-0.09494257759208168,0.14054175401400515
