subjid,freq,amp,lower_CI,upper_CI
hydrolagusColliei_9,100,100,-0.046147468821399536,0.10165885621165478
