subjid,freq,amp,lower_CI,upper_CI
hydrolagusColliei_9,440,140,-0.12262102134474871,0.026985862884863286
