subjid,freq,amp,lower_CI,upper_CI
hydrolagusColliei_9,385,140,0.130693123409221,0.3459747293256403
