subjid,freq,amp,lower_CI,upper_CI
hydrolagusColliei_9,360,135,-0.35948007667808296,0.1162716012372464
