subjid,freq,amp,lower_CI,upper_CI
hydrolagusColliei_9,330,75,-0.12094546234338352,0.22622287378888073
