subjid,freq,amp,lower_CI,upper_CI
hydrolagusColliei_9,330,100,-0.15451638079191748,0.044355722992767015
