subjid,freq,amp,lower_CI,upper_CI
hydrolagusColliei_9,220,120,-0.11852508560524232,0.04478367990986476
