subjid,freq,amp,lower_CI,upper_CI
hydrolagusColliei_9,330,140,-0.14547320525910187,0.04574138126491008
