subjid,freq,amp,lower_CI,upper_CI
hydrolagusColliei_9,330,125,-0.1738759721402317,0.002750599883759424
