subjid,freq,amp,lower_CI,upper_CI
hydrolagusColliei_9,330,80,-0.2815701920467056,0.23863800946797298
