subjid,freq,amp,lower_CI,upper_CI
hydrolagusColliei_9,440,135,-0.18793438863559406,0.05446652866946706
