subjid,freq,amp,lower_CI,upper_CI
hydrolagusColliei_9,440,115,0.054146561894176166,0.2099437428755755
