subjid,freq,amp,lower_CI,upper_CI
hydrolagusColliei_9,220,125,-0.38983431953137754,-0.019751543447317
