subjid,freq,amp,lower_CI,upper_CI
deadFish,55,150,0.6738998659153491,0.8640985451049397
