subjid,freq,amp,lower_CI,upper_CI
hydrolagusColliei_4,55,110,-0.22467571789345483,0.07244646945080283
