subjid,freq,amp,lower_CI,upper_CI
hydrolagusColliei_4,200,125,-0.3872988188368713,0.42724650191150937
