subjid,freq,amp,lower_CI,upper_CI
hydrolagusColliei_4,55,120,-0.15450028659354686,0.2509122517310617
