subjid,freq,amp,lower_CI,upper_CI
hydrolagusColliei_4,55,110,-0.09572995572917779,0.31414672106615116
