subjid,freq,amp,lower_CI,upper_CI
hydrolagusColliei_4,200,110,-0.13161603614412914,0.1263162760634226
