subjid,freq,amp,lower_CI,upper_CI
hydrolagusColliei_9,100,130,3.977137551711317,4.208639649899195
