subjid,freq,amp,lower_CI,upper_CI
hydrolagusColliei_9,330,90,-0.13435420361330588,0.06529465075965366
