subjid,freq,amp,lower_CI,upper_CI
hydrolagusColliei_9,440,145,-0.0028456817437126775,0.228829796415011
