subjid,freq,amp,lower_CI,upper_CI
hydrolagusColliei_9,330,130,-0.150240542859232,0.1177329062999176
