subjid,freq,amp,lower_CI,upper_CI
hydrolagusColliei_9,330,115,-0.08358317072856876,0.09895022574326218
