subjid,freq,amp,lower_CI,upper_CI
hydrolagusColliei_9,440,130,-0.177848464545723,0.09863282724128229
