subjid,freq,amp,channel,weight
hydrolagusColliei_8,100,100,ch1,0.2554763294862928
hydrolagusColliei_8,100,100,ch2,0.26703567758180774
hydrolagusColliei_8,100,100,ch3,0.2792462103035923
hydrolagusColliei_8,100,100,ch4,0.19824178262830716
