subjid,freq,amp,lower_CI,upper_CI
hydrolagusColliei_6,330,100,-0.2227222392804725,0.04939001458339469
