subjid,freq,amp,lower_CI,upper_CI
hydrolagusColliei_6,330,115,-0.3313498604460676,-0.09898908026255392
