subjid,freq,amp,lower_CI,upper_CI
hydrolagusColliei_6,330,110,-0.12638580282860018,0.17981171086706757
