subjid,freq,amp,lower_CI,upper_CI
hydrolagusColliei_6,330,115,-0.1068919143119792,0.22343834186606876
