subjid,freq,amp,lower_CI,upper_CI
hydrolagusColliei_6,330,105,-0.2855188332569058,0.304377098754638
