subjid,freq,amp,lower_CI,upper_CI
hydrolagusColliei_6,330,120,-0.2880406488751482,0.004652277549080979
