subjid,freq,amp,lower_CI,upper_CI
hydrolagusColliei_7,100,130,1.0796910751041295,1.483354404246781
