subjid,freq,amp,lower_CI,upper_CI
hydrolagusColliei_7,100,115,-0.05792779718760919,0.2010115892199374
