subjid,freq,amp,lower_CI,upper_CI
hydrolagusColliei_5,100,115,0.1484602786365329,0.5488947649232376
