subjid,freq,amp,lower_CI,upper_CI
hydrolagusColliei_5,360,130,-0.050945002095244545,0.15373675304248782
