subjid,freq,amp,lower_CI,upper_CI
hydrolagusColliei_5,100,130,2.309751132320799,2.6829686619827187
