subjid,freq,amp,channel,weight
hydrolagusColliei_4,100,120,ch1,0.20010193572167748
hydrolagusColliei_4,100,120,ch2,0.3134266496242462
hydrolagusColliei_4,100,120,ch3,0.23819831777929645
hydrolagusColliei_4,100,120,ch4,0.24827309687477978
