subjid,freq,amp,lower_CI,upper_CI
hydrolagusColliei_8,70,90,-0.045078277230632645,0.16523273989971554
