subjid,freq,amp,lower_CI,upper_CI
hydrolagusColliei_7,440,145,0.10109916241954221,0.4031721866643183
